TSV Subject,TSV Predicate,TSV Value,Predicate FuzzyWuzzy Ratio,Predicate FuzzyWuzzy Token Set Ratio,Predicate Jaro-Winkler Similarity,Predicate Cosine Similarity,Value FuzzyWuzzy Ratio,Value FuzzyWuzzy Token Set Ratio,Value Jaro-Winkler Similarity,Value Cosine Similarity
Oscar James Dunn,hasDescription,Free before 13th Amendment.,46,47,0.650995670995671,0.0,30,39,0.5459259259259259,0.0986796179798695
Oscar James Dunn,hasDescriptiveOccupation,Political Figure,45,50,0.6305555555555555,0.0,27,31,0.5992816091954023,0.0
Oscar James Dunn,hasFirstName,Oscar James,63,71,0.7983091787439612,0.0,51,100,0.6419457735247209,0.6689625304957969
Oscar James Dunn,hasName,Oscar James Dunn,58,61,0.8039215686274509,0.0,67,100,0.7291666666666666,0.9266368211041917
Oscar James Dunn,hasParticipantRole,Child,84,86,0.9066666666666666,0.0,15,16,0.5533333333333333,0.0
Oscar James Dunn,hasParticipantRole,Deceased Person,84,86,0.9066666666666666,0.0,30,37,0.5773504273504274,0.0
Oscar James Dunn,hasSex,Male,80,100,0.8888888888888888,1.0,22,100,0.6033333333333334,0.335175743327926
Oscar James Dunn,hasSurname,Dunn,65,67,0.8253968253968255,0.0,22,100,0.6956521739130435,0.5797386715376658
Oscar James Dunn,instance of,Person,36,41,0.5774410774410774,0.0,21,22,0.5955555555555555,0.0
