TSV Subject,TSV Predicate,TSV Value,Predicate FuzzyWuzzy Ratio,Predicate FuzzyWuzzy Token Set Ratio,Predicate Jaro-Winkler Similarity,Predicate Cosine Similarity,Value FuzzyWuzzy Ratio,Value FuzzyWuzzy Token Set Ratio,Value Jaro-Winkler Similarity,Value Cosine Similarity
Levi Miller,hasFirstName,Levi,83,86,0.9019607843137256,0.0,24,100,0.6293103448275862,0.6348087971775132
Levi Miller,hasName,Levi Miller,78,82,0.8787878787878788,0.0,55,100,0.6718913270637409,0.7090528735856639
Levi Miller,hasParticipantRole,Child,88,90,0.927536231884058,0.0,18,21,0.5550724637681159,0.0
Levi Miller,hasParticipantRole,Registered Person,88,90,0.927536231884058,0.0,28,38,0.555077315479037,0.0
Levi Miller,hasRaceorColor,Mulatto,50,50,0.6302910052910052,0.0,18,19,0.5362872421695951,0.0
Levi Miller,hasSex,Male,75,80,0.8666666666666667,0.0,21,100,0.5289855072463768,0.335175743327926
Levi Miller,hasSurname,Miller,83,87,0.9047619047619048,0.0,34,100,0.6545893719806762,0.6348087971775132
Levi Miller,instance of,Person,36,37,0.5774410774410774,0.0,13,20,0.5662507427213309,0.0
