TSV Subject,TSV Predicate,TSV Value,Predicate FuzzyWuzzy Ratio,Predicate FuzzyWuzzy Token Set Ratio,Predicate Jaro-Winkler Similarity,Predicate Cosine Similarity,Value FuzzyWuzzy Ratio,Value FuzzyWuzzy Token Set Ratio,Value Jaro-Winkler Similarity,Value Cosine Similarity
John Brown,hasDescription,Born Enslaved. Free before 13th Amendment. Dictated slave narrative.,46,47,0.650995670995671,0.0,38,51,0.5869072391683162,0.1597642092414444
John Brown,hasDescriptiveOccupation,Abolitionist,45,50,0.6305555555555555,0.0,26,100,0.6026143790849673,0.2307679296112306
John Brown,hasFirstName,John,63,71,0.7983091787439612,0.0,29,100,0.638888888888889,0.6348087971775132
John Brown,hasName,John Brown,58,61,0.8039215686274509,0.0,30,57,0.5897058823529412,0.368023208756115
John Brown,hasParticipantRole,Child,84,86,0.9066666666666666,0.0,14,19,0.5525641025641025,0.0
John Brown,hasParticipantRole,Deceased Person,84,86,0.9066666666666666,0.0,45,57,0.5777777777777778,0.1757860783933462
John Brown,hasSex,Male,80,100,0.8888888888888888,1.0,29,100,0.6065891472868218,0.3799783615910079
John Brown,hasSurname,Brown,65,67,0.8253968253968255,0.0,23,26,0.6444444444444445,0.0
John Brown,instance of,Person,36,41,0.5774410774410774,0.0,24,100,0.6043360433604336,0.3032160644503863
