TSV Subject,TSV Predicate,TSV Value,Predicate FuzzyWuzzy Ratio,Predicate FuzzyWuzzy Token Set Ratio,Predicate Jaro-Winkler Similarity,Predicate Cosine Similarity,Value FuzzyWuzzy Ratio,Value FuzzyWuzzy Token Set Ratio,Value Jaro-Winkler Similarity,Value Cosine Similarity
Cudjoe,hasAge,Age 29,75,80,0.8666666666666667,0.0,29,31,0.6161616161616161,0.0
Cudjoe,hasAlternateName,Kudjo,86,89,0.9206349206349206,0.0,11,15,0.5405797101449276,0.0
Cudjoe,hasEthnolinguisticDescriptor,Yoruba,36,41,0.565079365079365,0.0,18,22,0.4956140350877193,0.0
Cudjoe,hasName,Cudjoe,78,82,0.8787878787878788,0.0,13,22,0.4845679012345679,0.0
Cudjoe,hasParticipantRole,Captured Person,47,48,0.6597643097643098,0.0,36,57,0.5666666666666667,0.161713780662529
Cudjoe,hasPersonStatus,Enslaved Person,86,88,0.9166666666666666,0.0,42,100,0.5473429951690821,0.4103626449521846
Cudjoe,hasSex,Male,75,80,0.8666666666666667,0.0,26,100,0.5946969696969697,0.3799783615910079
Cudjoe,instance of,Person,36,37,0.5774410774410774,0.0,19,100,0.5906432748538011,0.2789425453258252
