TSV Subject,TSV Predicate,TSV Value,Predicate FuzzyWuzzy Ratio,Predicate FuzzyWuzzy Token Set Ratio,Predicate Jaro-Winkler Similarity,Predicate Cosine Similarity,Value FuzzyWuzzy Ratio,Value FuzzyWuzzy Token Set Ratio,Value Jaro-Winkler Similarity,Value Cosine Similarity
Patsey,hasAge,Age 18,47,62,0.6904761904761904,0.0,13,67,0.5066225165562913,0.0329720817725441
Patsey,hasName,Patsey,78,82,0.8787878787878788,0.0,33,50,0.6388888888888888,0.0
Patsey,hasParticipantRole,Child,36,42,0.6207311207311207,0.0,7,13,0.5213615023474178,0.0
Patsey,hasParticipantRole,Sold Person,36,42,0.6207311207311207,0.0,17,71,0.5280623132735809,0.0329720817725441
Patsey,hasPersonStatus,Enslaved Person,44,46,0.602116402116402,0.0,31,57,0.4808482172720583,0.0329720817725441
Patsey,hasRaceorColor,black,44,42,0.6302910052910052,0.0,7,13,0.5254966887417218,0.0
Patsey,hasSex,Female,47,50,0.6190476190476191,0.0,13,20,0.4888153053715968,0.0
Patsey,instance of,Person,28,40,0.5606060606060607,0.0,13,100,0.5625978090766823,0.056874042376871
