TSV Subject,TSV Predicate,TSV Value,Predicate FuzzyWuzzy Ratio,Predicate FuzzyWuzzy Token Set Ratio,Predicate Jaro-Winkler Similarity,Predicate Cosine Similarity,Value FuzzyWuzzy Ratio,Value FuzzyWuzzy Token Set Ratio,Value Jaro-Winkler Similarity,Value Cosine Similarity
Joice Heth,hasDescription,Enslaved. Exhibited for profit by P.T. Barnum. Her body was publicly dissected after her death.,58,60,0.6870525988173046,0.0,32,54,0.5722937880832618,0.0653031477039708
Joice Heth,hasDescriptiveOccupation,Slave,63,65,0.6662267471091,0.0,17,25,0.5518518518518518,0.0
Joice Heth,hasFirstName,Joice,83,86,0.9019607843137256,0.0,34,100,0.6027777777777777,0.7092972666062738
Joice Heth,hasName,Joice Heth,78,82,0.8787878787878788,0.0,59,100,0.638888888888889,0.8955324150715727
Joice Heth,hasParticipantRole,Child,47,48,0.6597643097643098,0.0,17,17,0.6148148148148148,0.0
Joice Heth,hasParticipantRole,Deceased Person,47,48,0.6597643097643098,0.0,33,57,0.5592592592592592,0.1083015604191158
Joice Heth,hasSex,Female,75,80,0.8666666666666667,0.0,33,100,0.5907407407407408,0.3799783615910079
Joice Heth,hasSurname,Heth,83,87,0.9047619047619048,0.0,29,100,0.6277777777777778,0.7092972666062738
Joice Heth,instance of,Person,36,37,0.5774410774410774,0.0,17,100,0.5777777777777778,0.186810999052147
