TSV Subject,TSV Predicate,TSV Value,Predicate FuzzyWuzzy Ratio,Predicate FuzzyWuzzy Token Set Ratio,Predicate Jaro-Winkler Similarity,Predicate Cosine Similarity,Value FuzzyWuzzy Ratio,Value FuzzyWuzzy Token Set Ratio,Value Jaro-Winkler Similarity,Value Cosine Similarity
Madison Hemings,hasAge,Age 29,60,63,0.8095238095238096,0.0,21,23,0.4964646464646464,0.0
Madison Hemings,hasDescriptiveOccupation,Carpenter,68,70,0.8022875816993463,0.0,29,100,0.5925925925925926,0.3032160644503863
Madison Hemings,hasFirstName,Madison,63,71,0.7983091787439612,0.0,37,100,0.6466973886328725,0.6348087971775132
Madison Hemings,hasName,Madison Hemings,58,61,0.8039215686274509,0.0,65,100,0.6724014336917562,0.8955324150715727
Madison Hemings,hasParticipantRole,Registered Person,84,86,0.9066666666666666,0.0,39,52,0.6233078542151324,0.1757860783933462
Madison Hemings,hasPersonStatus,Free Person,57,57,0.6628019323671497,0.0,36,100,0.5892736892736893,0.4494364165239822
Madison Hemings,hasSex,Male,80,100,0.8888888888888888,1.0,23,100,0.6051912568306012,0.3799783615910079
Madison Hemings,hasSurname,Hemings,65,67,0.8253968253968255,0.0,37,100,0.6180952380952381,0.6348087971775132
Madison Hemings,instance of,Person,36,41,0.5989057239057239,0.0,22,100,0.5963718820861678,0.3032160644503863
