TSV Subject,TSV Predicate,TSV Value,Predicate FuzzyWuzzy Ratio,Predicate FuzzyWuzzy Token Set Ratio,Predicate Jaro-Winkler Similarity,Predicate Cosine Similarity,Value FuzzyWuzzy Ratio,Value FuzzyWuzzy Token Set Ratio,Value Jaro-Winkler Similarity,Value Cosine Similarity
Sally Hemings,hasDescription,"Enslaved. The half-sister of Jefferson's wife, she had seven children with Thomas Jefferson.",58,60,0.6870525988173046,0.0,42,55,0.6412550385723375,0.2243457241093284
Sally Hemings,hasDescriptiveOccupation,Slave,63,65,0.6662267471091,0.0,18,100,0.5492063492063491,0.2195109508086083
Sally Hemings,hasFirstName,Sally,83,86,0.9019607843137256,0.0,26,100,0.6490196078431373,0.6348087971775132
Sally Hemings,hasName,Sally Hemings,78,82,0.8787878787878788,0.0,55,100,0.6402714932126696,0.7090528735856639
Sally Hemings,hasParticipantRole,Child,47,48,0.6597643097643098,0.0,13,18,0.6126984126984127,0.0
Sally Hemings,hasParticipantRole,Deceased Person,47,48,0.6597643097643098,0.0,26,57,0.5029791586753611,0.0985861063149823
Sally Hemings,hasSex,Female,75,80,0.8666666666666667,0.0,26,100,0.5806763285024155,0.335175743327926
Sally Hemings,hasSurname,Hemings,83,87,0.9047619047619048,0.0,34,100,0.5654761904761905,0.6348087971775132
Sally Hemings,instance of,Person,36,37,0.5774410774410774,0.0,16,100,0.5697399527186762,0.1700526653733452
