TSV Subject,TSV Predicate,TSV Value,Predicate FuzzyWuzzy Ratio,Predicate FuzzyWuzzy Token Set Ratio,Predicate Jaro-Winkler Similarity,Predicate Cosine Similarity,Value FuzzyWuzzy Ratio,Value FuzzyWuzzy Token Set Ratio,Value Jaro-Winkler Similarity,Value Cosine Similarity
Fortune,hasAge,Age 25,75,80,0.8666666666666667,0.0,26,67,0.6088888888888889,0.0539276001145058
Fortune,hasName,Fortune,78,82,0.8787878787878788,0.0,44,100,0.6163003663003663,0.7092972666062738
Fortune,hasParticipantRole,Child,47,48,0.6597643097643098,0.0,13,14,0.5476190476190476,0.0
Fortune,hasParticipantRole,Sold Person,47,48,0.6597643097643098,0.0,26,71,0.5582887700534759,0.1414305679255449
Fortune,hasPersonStatus,Enslaved Person,86,88,0.9166666666666666,0.0,30,100,0.592156862745098,0.3554767779546839
Fortune,hasRaceorColor,black,82,85,0.9,0.0,11,9,0.4414529914529914,0.0
Fortune,hasSex,Male,75,80,0.8666666666666667,0.0,24,100,0.5266666666666667,0.3799783615910079
Fortune,instance of,Person,36,37,0.5774410774410774,0.0,26,100,0.5841269841269842,0.2439557250000634
