TSV Subject,TSV Predicate,TSV Value,Predicate FuzzyWuzzy Ratio,Predicate FuzzyWuzzy Token Set Ratio,Predicate Jaro-Winkler Similarity,Predicate Cosine Similarity,Value FuzzyWuzzy Ratio,Value FuzzyWuzzy Token Set Ratio,Value Jaro-Winkler Similarity,Value Cosine Similarity
Madison Hemings,hasAge,Age 29,75,80,0.8666666666666667,0.0,29,31,0.6031746031746031,0.0
Madison Hemings,hasDescriptiveOccupation,Carpenter,63,65,0.6662267471091,0.0,22,100,0.5888888888888889,0.2439557250000634
Madison Hemings,hasFirstName,Madison,83,86,0.9019607843137256,0.0,40,100,0.6547619047619048,0.7092972666062738
Madison Hemings,hasName,Madison Hemings,78,82,0.8787878787878788,0.0,70,100,0.6896825396825396,0.8955324150715727
Madison Hemings,hasParticipantRole,Registered Person,47,48,0.6597643097643098,0.0,33,52,0.5425691594467245,0.1757860783933462
Madison Hemings,hasPersonStatus,Free Person,86,88,0.9166666666666666,0.0,30,71,0.5288700963119567,0.1757860783933462
Madison Hemings,hasSex,Male,75,80,0.8666666666666667,0.0,22,100,0.5121212121212121,0.3799783615910079
Madison Hemings,hasSurname,Hemings,83,87,0.9047619047619048,0.0,40,100,0.6244588744588745,0.7092972666062738
Madison Hemings,instance of,Person,36,37,0.5618686868686869,0.0,24,100,0.5873015873015873,0.3032160644503863
