TSV Subject,TSV Predicate,TSV Value,Predicate FuzzyWuzzy Ratio,Predicate FuzzyWuzzy Token Set Ratio,Predicate Jaro-Winkler Similarity,Predicate Cosine Similarity,Value FuzzyWuzzy Ratio,Value FuzzyWuzzy Token Set Ratio,Value Jaro-Winkler Similarity,Value Cosine Similarity
Asa Coleman,hasFirstName,Asa,63,71,0.7983091787439612,0.0,20,100,0.6755162241887905,0.6348087971775132
Asa Coleman,hasName,Asa Coleman,58,61,0.8039215686274509,0.0,58,100,0.6812570145903479,0.8955324150715727
Asa Coleman,hasParticipantRole,Registered Person,84,86,0.9066666666666666,0.0,37,52,0.6143790849673203,0.1757860783933462
Asa Coleman,hasPersonStatus,Free Person,57,57,0.6628019323671497,0.0,37,100,0.6004662004662005,0.4494364165239822
Asa Coleman,hasSurname,Coleman,65,67,0.8253968253968255,0.0,41,100,0.6102292768959435,0.6348087971775132
Asa Coleman,instance of,Person,36,41,0.5989057239057239,0.0,24,100,0.6,0.3032160644503863
