TSV Subject,TSV Predicate,TSV Value,Predicate FuzzyWuzzy Ratio,Predicate FuzzyWuzzy Token Set Ratio,Predicate Jaro-Winkler Similarity,Predicate Cosine Similarity,Value FuzzyWuzzy Ratio,Value FuzzyWuzzy Token Set Ratio,Value Jaro-Winkler Similarity,Value Cosine Similarity
Cudjoe,hasAge,Age 29,60,63,0.8095238095238096,0.0,20,22,0.501207729468599,0.0
Cudjoe,hasAlternateName,Kudjo,52,54,0.6569741532976826,0.0,10,12,0.5472222222222222,0.0
Cudjoe,hasEthnolinguisticDescriptor,Yoruba,53,55,0.6554621848739496,0.0,20,27,0.5936507936507937,0.0
Cudjoe,hasName,Cudjoe,58,61,0.8039215686274509,0.0,15,22,0.5675925925925926,0.0
Cudjoe,hasParticipantRole,Captured Person,84,86,0.9066666666666666,0.0,26,57,0.5723958333333333,0.1272589870097525
Cudjoe,hasPersonStatus,Enslaved Person,57,57,0.6628019323671497,0.0,26,70,0.5631782945736434,0.1272589870097525
Cudjoe,hasSex,Male,80,100,0.8888888888888888,1.0,28,100,0.5997267759562842,0.3799783615910079
Cudjoe,instance of,Person,36,41,0.5989057239057239,0.0,17,100,0.5981087470449172,0.2195109508086083
