TSV Subject,TSV Predicate,TSV Value,Predicate FuzzyWuzzy Ratio,Predicate FuzzyWuzzy Token Set Ratio,Predicate Jaro-Winkler Similarity,Predicate Cosine Similarity,Value FuzzyWuzzy Ratio,Value FuzzyWuzzy Token Set Ratio,Value Jaro-Winkler Similarity,Value Cosine Similarity
Asa Coleman,hasFirstName,Asa,83,86,0.9019607843137256,0.0,19,100,0.5900383141762452,0.7092972666062738
Asa Coleman,hasName,Asa Coleman,78,82,0.8787878787878788,0.0,55,100,0.6718913270637409,0.8955324150715727
Asa Coleman,hasParticipantRole,Registered Person,88,90,0.927536231884058,0.0,29,52,0.5337458153993305,0.161713780662529
Asa Coleman,hasPersonStatus,Free Person,86,88,0.9166666666666666,0.0,26,71,0.5285614768373389,0.161713780662529
Asa Coleman,hasSurname,Coleman,83,87,0.9047619047619048,0.0,39,100,0.6042692939244664,0.7092972666062738
Asa Coleman,instance of,Person,36,37,0.5774410774410774,0.0,23,100,0.5833333333333334,0.2789425453258252
