TSV Subject,TSV Predicate,TSV Value,Predicate FuzzyWuzzy Ratio,Predicate FuzzyWuzzy Token Set Ratio,Predicate Jaro-Winkler Similarity,Predicate Cosine Similarity,Value FuzzyWuzzy Ratio,Value FuzzyWuzzy Token Set Ratio,Value Jaro-Winkler Similarity,Value Cosine Similarity
Lucinda Davis,hasAge,Age 11,75,80,0.8666666666666667,0.0,25,27,0.6068376068376068,0.0
Lucinda Davis,hasFirstName,Lucinda,83,86,0.9019607843137256,0.0,42,100,0.6180952380952381,0.7092972666062738
Lucinda Davis,hasName,Lucinda Davis,78,82,0.8787878787878788,0.0,67,100,0.6794871794871794,0.8955324150715727
Lucinda Davis,hasParticipantRole,Registered Person,47,48,0.6597643097643098,0.0,32,52,0.5645401822700911,0.3112574675270537
Lucinda Davis,hasPersonStatus,Free Person,86,88,0.9166666666666666,0.0,29,100,0.5288700963119567,0.5905940088580992
Lucinda Davis,hasSex,Female,75,80,0.8666666666666667,0.0,31,100,0.5047425474254742,0.3799783615910079
Lucinda Davis,hasSurname,Davis,83,87,0.9047619047619048,0.0,32,100,0.5750000000000001,0.7092972666062738
Lucinda Davis,instance of,Person,36,37,0.5858585858585857,0.0,17,100,0.5868055555555555,0.5368927118515179
