TSV Subject,TSV Predicate,TSV Value,Predicate FuzzyWuzzy Ratio,Predicate FuzzyWuzzy Token Set Ratio,Predicate Jaro-Winkler Similarity,Predicate Cosine Similarity,Value FuzzyWuzzy Ratio,Value FuzzyWuzzy Token Set Ratio,Value Jaro-Winkler Similarity,Value Cosine Similarity
Jim Williams,hasDescriptiveOccupation,Sawyer,63,65,0.6662267471091,0.0,17,21,0.5205128205128206,0.0
Jim Williams,hasFirstName,Jim,83,86,0.9019607843137256,0.0,11,15,0.5722222222222223,0.0
Jim Williams,hasName,Jim Williams,78,82,0.8787878787878788,0.0,43,80,0.579040404040404,0.4112070550676187
Jim Williams,hasParticipantRole,Registered Person,88,90,0.927536231884058,0.0,35,52,0.5536103330220977,0.1943143401685814
Jim Williams,hasPersonStatus,Free Person,86,88,0.9166666666666666,0.0,29,71,0.5265044814340589,0.1943143401685814
Jim Williams,hasSex,Male,75,80,0.8666666666666667,0.0,21,100,0.6080246913580246,0.1751280861929285
Jim Williams,hasSurname,Williams,83,87,0.9047619047619048,0.0,38,100,0.6200980392156863,0.7092972666062738
Jim Williams,instance of,Person,36,37,0.5774410774410774,0.0,21,100,0.594017094017094,0.335175743327926
