TSV Subject,TSV Predicate,TSV Value,Predicate FuzzyWuzzy Ratio,Predicate FuzzyWuzzy Token Set Ratio,Predicate Jaro-Winkler Similarity,Predicate Cosine Similarity,Value FuzzyWuzzy Ratio,Value FuzzyWuzzy Token Set Ratio,Value Jaro-Winkler Similarity,Value Cosine Similarity
Marie Angel Couvent,hasFirstName,Marie Angel,63,71,0.7983091787439612,0.0,36,62,0.5742913000977518,0.3360969272762575
Marie Angel Couvent,hasName,Marie Angel Couvent,58,61,0.8039215686274509,0.0,52,81,0.625787224471435,0.4744932943426848
Marie Angel Couvent,hasParticipantRole,Buyer,84,86,0.9066666666666666,0.0,15,20,0.5531746031746031,0.0
Marie Angel Couvent,hasPersonStatus,Free Person,57,57,0.6628019323671497,0.0,30,100,0.5980920314253647,0.5499883949217763
Marie Angel Couvent,hasRaceorColor,Of Color,56,58,0.712121212121212,0.0,18,40,0.5092592592592592,0.1337850929463124
Marie Angel Couvent,hasSex,Female,80,100,0.8888888888888888,1.0,27,100,0.5849673202614379,0.335175743327926
Marie Angel Couvent,hasSurname,Couvent,65,67,0.8253968253968255,0.0,30,100,0.5714285714285714,0.5797386715376658
Marie Angel Couvent,instance of,Person,36,41,0.5989057239057239,0.0,18,100,0.5925925925925926,0.5023287782256718
