TSV Subject,TSV Predicate,TSV Value,Predicate FuzzyWuzzy Ratio,Predicate FuzzyWuzzy Token Set Ratio,Predicate Jaro-Winkler Similarity,Predicate Cosine Similarity,Value FuzzyWuzzy Ratio,Value FuzzyWuzzy Token Set Ratio,Value Jaro-Winkler Similarity,Value Cosine Similarity
Sally Hemings,hasDescription,"Enslaved. The half-sister of Jefferson's wife, she had seven children with Thomas Jefferson.",90,100,0.9411764705882352,1.0,43,78,0.6812808807487464,0.2934007685203375
Sally Hemings,hasDescriptiveOccupation,Slave,68,70,0.8022875816993463,0.0,22,24,0.5615819209039548,0.0
Sally Hemings,hasFirstName,Sally,63,71,0.7983091787439612,0.0,28,100,0.6537634408602151,0.6348087971775132
Sally Hemings,hasName,Sally Hemings,58,61,0.8039215686274509,0.0,59,100,0.6526054590570719,0.8955324150715727
Sally Hemings,hasParticipantRole,Child,84,86,0.9066666666666666,0.0,17,19,0.604778972520908,0.0
Sally Hemings,hasParticipantRole,Deceased Person,84,86,0.9066666666666666,0.0,38,57,0.5862156755773777,0.1757860783933462
Sally Hemings,hasSex,Female,80,100,0.8888888888888888,1.0,32,100,0.5932914046121592,0.3799783615910079
Sally Hemings,hasSurname,Hemings,65,67,0.8253968253968255,0.0,37,100,0.6221532091097308,0.6348087971775132
Sally Hemings,instance of,Person,36,41,0.5989057239057239,0.0,23,100,0.5981087470449172,0.3032160644503863
