TSV Subject,TSV Predicate,TSV Value,Predicate FuzzyWuzzy Ratio,Predicate FuzzyWuzzy Token Set Ratio,Predicate Jaro-Winkler Similarity,Predicate Cosine Similarity,Value FuzzyWuzzy Ratio,Value FuzzyWuzzy Token Set Ratio,Value Jaro-Winkler Similarity,Value Cosine Similarity
Molly Williams,hasDescriptiveOccupation,Carder & Spinner,63,65,0.6662267471091,0.0,26,30,0.5064779703864212,0.0
Molly Williams,hasFirstName,Molly,83,86,0.9019607843137256,0.0,26,100,0.7156862745098039,0.7092972666062738
Molly Williams,hasName,Molly Williams,78,82,0.8787878787878788,0.0,58,100,0.6434676434676435,0.8955324150715727
Molly Williams,hasParticipantRole,Registered Person,88,90,0.927536231884058,0.0,35,52,0.5536103330220977,0.1943143401685814
Molly Williams,hasPersonStatus,Free Person,86,88,0.9166666666666666,0.0,29,71,0.5265044814340589,0.1943143401685814
Molly Williams,hasSex,Female,75,80,0.8666666666666667,0.0,30,100,0.5861111111111111,0.3799783615910079
Molly Williams,hasSurname,Williams,83,87,0.9047619047619048,0.0,38,100,0.6200980392156863,0.7092972666062738
Molly Williams,instance of,Person,36,37,0.5774410774410774,0.0,21,100,0.594017094017094,0.335175743327926
