TSV Subject,TSV Predicate,TSV Value,Predicate FuzzyWuzzy Ratio,Predicate FuzzyWuzzy Token Set Ratio,Predicate Jaro-Winkler Similarity,Predicate Cosine Similarity,Value FuzzyWuzzy Ratio,Value FuzzyWuzzy Token Set Ratio,Value Jaro-Winkler Similarity,Value Cosine Similarity
Mary Hemings,hasAge,Age 24,53,62,0.7037037037037037,0.0,15,19,0.496031746031746,0.0
Mary Hemings,hasFirstName,Mary,63,71,0.7983091787439612,0.0,21,100,0.6214285714285714,0.5797386715376658
Mary Hemings,hasName,Mary Hemings,58,61,0.8039215686274509,0.0,51,100,0.6142857142857143,0.6689625304957969
Mary Hemings,hasParticipantRole,Registered Person,51,53,0.662962962962963,0.0,44,52,0.5824306412541707,0.1757860783933462
Mary Hemings,hasPersonStatus,Free Person,57,57,0.6628019323671497,0.0,42,100,0.5820257368202574,0.4494364165239822
Mary Hemings,hasSex,Female,80,100,0.8888888888888888,1.0,29,100,0.594017094017094,0.335175743327926
Mary Hemings,hasSurname,Hemings,65,67,0.8253968253968255,0.0,33,100,0.6560846560846562,0.4736820224661604
Mary Hemings,instance of,Person,36,41,0.5989057239057239,0.0,25,100,0.5829528158295281,0.3032160644503863
