TSV Subject,TSV Predicate,TSV Value,Predicate FuzzyWuzzy Ratio,Predicate FuzzyWuzzy Token Set Ratio,Predicate Jaro-Winkler Similarity,Predicate Cosine Similarity,Value FuzzyWuzzy Ratio,Value FuzzyWuzzy Token Set Ratio,Value Jaro-Winkler Similarity,Value Cosine Similarity
Levi Miller,hasFirstName,Levi,63,71,0.7983091787439612,0.0,22,100,0.625,0.5797386715376658
Levi Miller,hasName,Levi Miller,58,61,0.8039215686274509,0.0,51,100,0.6600378787878788,0.8181802073667198
Levi Miller,hasParticipantRole,Child,84,86,0.9066666666666666,0.0,17,24,0.5583333333333332,0.0
Levi Miller,hasParticipantRole,Registered Person,84,86,0.9066666666666666,0.0,32,38,0.5630521439344969,0.0
Levi Miller,hasRaceorColor,Mulatto,56,58,0.712121212121212,0.0,17,21,0.5863858363858364,0.0
Levi Miller,hasSex,Male,80,100,0.8888888888888888,1.0,22,100,0.6037414965986394,0.335175743327926
Levi Miller,hasSurname,Miller,65,67,0.8253968253968255,0.0,32,100,0.6611111111111111,0.5797386715376658
Levi Miller,instance of,Person,36,41,0.5774410774410774,0.0,17,19,0.5963718820861678,0.0
