TSV Subject,TSV Predicate,TSV Value,Predicate FuzzyWuzzy Ratio,Predicate FuzzyWuzzy Token Set Ratio,Predicate Jaro-Winkler Similarity,Predicate Cosine Similarity,Value FuzzyWuzzy Ratio,Value FuzzyWuzzy Token Set Ratio,Value Jaro-Winkler Similarity,Value Cosine Similarity
Lucinda Davis,hasAge,Age 11,53,62,0.7037037037037037,0.0,13,67,0.4983660130718954,0.0502042207302987
Lucinda Davis,hasFirstName,Lucinda,63,71,0.7983091787439612,0.0,37,100,0.5990783410138248,0.6348087971775132
Lucinda Davis,hasName,Lucinda Davis,58,61,0.8039215686274509,0.0,59,100,0.6526054590570719,0.8955324150715727
Lucinda Davis,hasParticipantRole,Registered Person,84,86,0.9066666666666666,0.0,40,52,0.5736440030557678,0.1757860783933462
Lucinda Davis,hasPersonStatus,Free Person,57,57,0.6628019323671497,0.0,37,100,0.5919191919191918,0.4494364165239822
Lucinda Davis,hasSex,Female,80,100,0.8888888888888888,1.0,32,100,0.5104575163398692,0.3799783615910079
Lucinda Davis,hasSurname,Davis,65,67,0.8253968253968255,0.0,28,100,0.6228310502283105,0.6348087971775132
Lucinda Davis,instance of,Person,36,41,0.5989057239057239,0.0,22,100,0.5900383141762452,0.3032160644503863
