TSV Subject,TSV Predicate,TSV Value,Predicate FuzzyWuzzy Ratio,Predicate FuzzyWuzzy Token Set Ratio,Predicate Jaro-Winkler Similarity,Predicate Cosine Similarity,Value FuzzyWuzzy Ratio,Value FuzzyWuzzy Token Set Ratio,Value Jaro-Winkler Similarity,Value Cosine Similarity
Harriet Evans,hasAge,Age 26,75,80,0.8666666666666667,0.0,21,22,0.5972222222222222,0.0
Harriet Evans,hasFirstName,Harriet,83,86,0.9019607843137256,0.0,36,100,0.6443452380952381,0.6348087971775132
Harriet Evans,hasName,Harriet Evans,78,82,0.8787878787878788,0.0,58,100,0.6482371794871794,0.7090528735856639
Harriet Evans,hasParticipantRole,Registered Person,88,90,0.927536231884058,0.0,36,52,0.5901143790849673,0.2202881505618297
Harriet Evans,hasPersonStatus,Free Person,86,88,0.9166666666666666,0.0,36,71,0.5787878787878787,0.2202881505618297
Harriet Evans,hasSex,Female,75,80,0.8666666666666667,0.0,27,100,0.5806763285024155,0.335175743327926
Harriet Evans,hasSurname,Evans,83,87,0.9047619047619048,0.0,27,100,0.5771929824561403,0.4285693450091423
Harriet Evans,instance of,Person,36,37,0.5618686868686869,0.0,24,100,0.6010101010101009,0.3799783615910079
