TSV Subject,TSV Predicate,TSV Value,Predicate FuzzyWuzzy Ratio,Predicate FuzzyWuzzy Token Set Ratio,Predicate Jaro-Winkler Similarity,Predicate Cosine Similarity,Value FuzzyWuzzy Ratio,Value FuzzyWuzzy Token Set Ratio,Value Jaro-Winkler Similarity,Value Cosine Similarity
Marie Angel Couvent,hasFirstName,Marie Angel,83,86,0.9019607843137256,0.0,36,62,0.5677361853832442,0.368023208756115
Marie Angel Couvent,hasName,Marie Angel Couvent,78,82,0.8787878787878788,0.0,57,81,0.6959637656232083,0.5029292651136352
Marie Angel Couvent,hasParticipantRole,Buyer,47,48,0.6597643097643098,0.0,16,23,0.5489583333333333,0.0
Marie Angel Couvent,hasPersonStatus,Free Person,86,88,0.9166666666666666,0.0,32,100,0.575494071146245,0.4651005455624053
Marie Angel Couvent,hasRaceorColor,Of Color,82,85,0.9,0.0,17,40,0.537807881773399,0.1303997200081277
Marie Angel Couvent,hasSex,Female,75,80,0.8666666666666667,0.0,26,100,0.5806763285024155,0.335175743327926
Marie Angel Couvent,hasSurname,Couvent,83,87,0.9047619047619048,0.0,34,100,0.5654761904761905,0.6348087971775132
Marie Angel Couvent,instance of,Person,36,37,0.5858585858585857,0.0,20,100,0.5753575357535753,0.4285693450091423
