TSV Subject,TSV Predicate,TSV Value,Predicate FuzzyWuzzy Ratio,Predicate FuzzyWuzzy Token Set Ratio,Predicate Jaro-Winkler Similarity,Predicate Cosine Similarity,Value FuzzyWuzzy Ratio,Value FuzzyWuzzy Token Set Ratio,Value Jaro-Winkler Similarity,Value Cosine Similarity
Harriet Evans,hasAge,Age 26,60,63,0.8095238095238096,0.0,16,19,0.4956140350877193,0.0
Harriet Evans,hasFirstName,Harriet,63,71,0.7983091787439612,0.0,32,100,0.6344916344916345,0.5797386715376658
Harriet Evans,hasName,Harriet Evans,58,61,0.8039215686274509,0.0,52,100,0.6299376299376299,0.6689625304957969
Harriet Evans,hasParticipantRole,Registered Person,84,86,0.9066666666666666,0.0,37,52,0.5665732959850608,0.161713780662529
Harriet Evans,hasPersonStatus,Free Person,57,57,0.6628019323671497,0.0,34,100,0.5969696969696969,0.4103626449521846
Harriet Evans,hasSex,Female,80,100,0.8888888888888888,1.0,28,100,0.5723622782446313,0.335175743327926
Harriet Evans,hasSurname,Evans,65,67,0.8253968253968255,0.0,24,100,0.6157232704402517,0.4826796606496644
Harriet Evans,instance of,Person,36,41,0.5989057239057239,0.0,20,100,0.591919191919192,0.2789425453258252
