TSV Subject,TSV Predicate,TSV Value,Predicate FuzzyWuzzy Ratio,Predicate FuzzyWuzzy Token Set Ratio,Predicate Jaro-Winkler Similarity,Predicate Cosine Similarity,Value FuzzyWuzzy Ratio,Value FuzzyWuzzy Token Set Ratio,Value Jaro-Winkler Similarity,Value Cosine Similarity
Figaro,hasAge,Age 30,53,62,0.7037037037037037,0.0,18,20,0.496031746031746,0.0
Figaro,hasName,Figaro,58,61,0.8039215686274509,0.0,17,27,0.5747474747474748,0.0
Figaro,hasParticipantRole,Child,51,53,0.662962962962963,0.0,17,19,0.6132013201320132,0.0
Figaro,hasParticipantRole,Sold Person,51,53,0.662962962962963,0.0,30,71,0.5167388167388167,0.1757860783933462
Figaro,hasPersonStatus,Enslaved Person,57,57,0.6628019323671497,0.0,39,70,0.5606160616061606,0.1757860783933462
Figaro,hasRaceorColor,black,56,58,0.712121212121212,0.0,13,19,0.5470319634703197,0.0
Figaro,hasSex,Male,80,100,0.8888888888888888,1.0,21,23,0.6038461538461538,0.0
Figaro,instance of,Person,36,41,0.5989057239057239,0.0,25,100,0.5829528158295281,0.3032160644503863
