TSV Subject,TSV Predicate,TSV Value,Predicate FuzzyWuzzy Ratio,Predicate FuzzyWuzzy Token Set Ratio,Predicate Jaro-Winkler Similarity,Predicate Cosine Similarity,Value FuzzyWuzzy Ratio,Value FuzzyWuzzy Token Set Ratio,Value Jaro-Winkler Similarity,Value Cosine Similarity
John Brown,hasDescription,Born Enslaved. Free before 13th Amendment. Dictated slave narrative.,58,60,0.6870525988173046,0.0,33,50,0.5723549836601307,0.1458743908205645
John Brown,hasDescriptiveOccupation,Abolitionist,63,65,0.6662267471091,0.0,21,100,0.5590277777777778,0.186810999052147
John Brown,hasFirstName,John,83,86,0.9019607843137256,0.0,27,100,0.6346153846153846,0.7092972666062738
John Brown,hasName,John Brown,78,82,0.8787878787878788,0.0,44,57,0.5968253968253968,0.4112070550676187
John Brown,hasParticipantRole,Child,47,48,0.6597643097643098,0.0,13,19,0.6087145969498912,0.0
John Brown,hasParticipantRole,Deceased Person,47,48,0.6597643097643098,0.0,37,57,0.5227538543328016,0.161713780662529
John Brown,hasSex,Male,75,80,0.8666666666666667,0.0,27,100,0.5256410256410257,0.3799783615910079
John Brown,hasSurname,Brown,83,87,0.9047619047619048,0.0,22,25,0.6430107526881721,0.0
John Brown,instance of,Person,36,37,0.5774410774410774,0.0,21,100,0.5982078853046595,0.2789425453258252
