TSV Subject,TSV Predicate,TSV Value,Predicate FuzzyWuzzy Ratio,Predicate FuzzyWuzzy Token Set Ratio,Predicate Jaro-Winkler Similarity,Predicate Cosine Similarity,Value FuzzyWuzzy Ratio,Value FuzzyWuzzy Token Set Ratio,Value Jaro-Winkler Similarity,Value Cosine Similarity
Fortune,hasAge,Age 25,53,62,0.7037037037037037,0.0,18,67,0.4983660130718954,0.1122392891507702
Fortune,hasName,Fortune,58,61,0.8039215686274509,0.0,40,100,0.6071428571428571,0.6348087971775132
Fortune,hasParticipantRole,Child,84,86,0.9066666666666666,0.0,13,14,0.5452380952380952,0.0
Fortune,hasParticipantRole,Sold Person,84,86,0.9066666666666666,0.0,34,71,0.5901270772238514,0.1757860783933462
Fortune,hasPersonStatus,Enslaved Person,57,57,0.6628019323671497,0.0,48,100,0.56488287126585,0.4494364165239822
Fortune,hasRaceorColor,black,56,58,0.712121212121212,0.0,12,13,0.5555555555555555,0.0
Fortune,hasSex,Male,80,100,0.8888888888888888,1.0,25,100,0.6046099290780141,0.3799783615910079
Fortune,instance of,Person,36,41,0.5989057239057239,0.0,24,100,0.6,0.3032160644503863
