TSV Subject,TSV Predicate,TSV Value,Predicate FuzzyWuzzy Ratio,Predicate FuzzyWuzzy Token Set Ratio,Predicate Jaro-Winkler Similarity,Predicate Cosine Similarity,Value FuzzyWuzzy Ratio,Value FuzzyWuzzy Token Set Ratio,Value Jaro-Winkler Similarity,Value Cosine Similarity
Figaro,hasAge,Age 30,75,80,0.8666666666666667,0.0,17,19,0.58656330749354,0.0
Figaro,hasName,Figaro,78,82,0.8787878787878788,0.0,21,26,0.503968253968254,0.0
Figaro,hasParticipantRole,Child,47,48,0.6597643097643098,0.0,17,19,0.6072463768115942,0.0
Figaro,hasParticipantRole,Sold Person,47,48,0.6597643097643098,0.0,25,71,0.5350790513833992,0.2912194185636897
Figaro,hasPersonStatus,Enslaved Person,86,88,0.9166666666666666,0.0,36,100,0.5560510768057938,0.5499883949217763
Figaro,hasRaceorColor,black,82,85,0.9,0.0,11,19,0.5253812636165578,0.0
Figaro,hasSex,Male,75,80,0.8666666666666667,0.0,20,22,0.6094771241830065,0.0
Figaro,instance of,Person,36,37,0.5774410774410774,0.0,20,100,0.5849673202614379,0.5023287782256718
