TSV Subject,TSV Predicate,TSV Value,Predicate FuzzyWuzzy Ratio,Predicate FuzzyWuzzy Token Set Ratio,Predicate Jaro-Winkler Similarity,Predicate Cosine Similarity,Value FuzzyWuzzy Ratio,Value FuzzyWuzzy Token Set Ratio,Value Jaro-Winkler Similarity,Value Cosine Similarity
Patsey,hasAge,Age 18,37,45,0.6339869281045751,0.0,14,67,0.5047425474254742,0.032763403861032
Patsey,hasName,Patsey,58,61,0.8039215686274509,0.0,28,38,0.6,0.0
Patsey,hasParticipantRole,Child,51,53,0.6618142206377501,0.0,11,16,0.5210816777041942,0.0
Patsey,hasParticipantRole,Sold Person,51,53,0.6618142206377501,0.0,16,71,0.5272927955047161,0.032763403861032
Patsey,hasPersonStatus,Enslaved Person,44,45,0.6628019323671497,0.0,27,57,0.5083604027000254,0.032763403861032
Patsey,hasRaceorColor,black,44,41,0.6302910052910052,0.0,9,12,0.535752298016449,0.0
Patsey,hasSex,Female,37,38,0.6904761904761904,0.0,13,23,0.5018518518518519,0.0
Patsey,instance of,Person,34,40,0.5989057239057239,0.0,18,100,0.5871794871794872,0.0565140906921601
