TSV Subject,TSV Predicate,TSV Value,Predicate FuzzyWuzzy Ratio,Predicate FuzzyWuzzy Token Set Ratio,Predicate Jaro-Winkler Similarity,Predicate Cosine Similarity,Value FuzzyWuzzy Ratio,Value FuzzyWuzzy Token Set Ratio,Value Jaro-Winkler Similarity,Value Cosine Similarity
Burrell Colbert,hasAge,Age 48,75,80,0.8666666666666667,0.0,24,25,0.6031746031746031,0.0
Burrell Colbert,hasDescriptiveOccupation,Painter,63,65,0.6662267471091,0.0,22,100,0.5444444444444444,0.0981916268599919
Burrell Colbert,hasFirstName,Burrell,83,86,0.9019607843137256,0.0,34,100,0.6312576312576312,0.2789425453258252
Burrell Colbert,hasName,Burrell Colbert,78,82,0.8787878787878788,0.0,65,100,0.7136363636363635,0.7090528735856639
Burrell Colbert,hasParticipantRole,Registered Person,88,90,0.927536231884058,0.0,40,52,0.562610797743755,0.1943143401685814
Burrell Colbert,hasPersonStatus,Free Person,86,88,0.9166666666666666,0.0,31,71,0.5659233847913093,0.1943143401685814
Burrell Colbert,hasSex,Male,75,80,0.8666666666666667,0.0,22,100,0.6015151515151516,0.3799783615910079
Burrell Colbert,hasSurname,Colbert,83,87,0.9047619047619048,0.0,40,100,0.6244588744588745,0.7092972666062738
Burrell Colbert,instance of,Person,36,37,0.5774410774410774,0.0,20,100,0.5932914046121592,0.335175743327926
