TSV Subject,TSV Predicate,TSV Value,Predicate FuzzyWuzzy Ratio,Predicate FuzzyWuzzy Token Set Ratio,Predicate Jaro-Winkler Similarity,Predicate Cosine Similarity,Value FuzzyWuzzy Ratio,Value FuzzyWuzzy Token Set Ratio,Value Jaro-Winkler Similarity,Value Cosine Similarity
Burrell Colbert,hasAge,Age 48,53,62,0.7037037037037037,0.0,14,21,0.4964646464646464,0.0
Burrell Colbert,hasDescriptiveOccupation,Painter,68,70,0.8022875816993463,0.0,21,100,0.5633575464083939,0.2596979932401624
Burrell Colbert,hasFirstName,Burrell,63,71,0.7983091787439612,0.0,32,100,0.6232804232804233,0.2789425453258252
Burrell Colbert,hasName,Burrell Colbert,58,61,0.8039215686274509,0.0,61,100,0.7111111111111111,0.7090528735856639
Burrell Colbert,hasParticipantRole,Registered Person,84,86,0.9066666666666666,0.0,34,34,0.5687445127304653,0.0
Burrell Colbert,hasPersonStatus,Free Person,57,57,0.6628019323671497,0.0,28,34,0.6004662004662005,0.0
Burrell Colbert,hasSex,Male,80,100,0.8888888888888888,1.0,23,100,0.6103603603603603,0.3799783615910079
Burrell Colbert,hasSurname,Colbert,65,67,0.8253968253968255,0.0,37,100,0.6232804232804233,0.6348087971775132
Burrell Colbert,instance of,Person,36,41,0.5989057239057239,0.0,19,22,0.594017094017094,0.0
