TSV Subject,TSV Predicate,TSV Value,Predicate FuzzyWuzzy Ratio,Predicate FuzzyWuzzy Token Set Ratio,Predicate Jaro-Winkler Similarity,Predicate Cosine Similarity,Value FuzzyWuzzy Ratio,Value FuzzyWuzzy Token Set Ratio,Value Jaro-Winkler Similarity,Value Cosine Similarity
Joice Heth,hasDescription,Enslaved. Exhibited for profit by P.T. Barnum. Her body was publicly dissected after her death.,90,100,0.9411764705882352,1.0,44,64,0.645360791413423,0.18023715062695
Joice Heth,hasDescriptiveOccupation,Slave,68,70,0.8022875816993463,0.0,18,27,0.546055979643766,0.0
Joice Heth,hasFirstName,Joice,63,71,0.7983091787439612,0.0,30,100,0.5928571428571429,0.6348087971775132
Joice Heth,hasName,Joice Heth,58,61,0.8039215686274509,0.0,53,100,0.6190476190476191,0.8955324150715727
Joice Heth,hasParticipantRole,Child,84,86,0.9066666666666666,0.0,18,15,0.6072072072072072,0.0
Joice Heth,hasParticipantRole,Deceased Person,84,86,0.9066666666666666,0.0,33,41,0.5721400046981442,0.0
Joice Heth,hasSex,Female,80,100,0.8888888888888888,1.0,35,100,0.569640062597809,0.3799783615910079
Joice Heth,hasSurname,Heth,65,67,0.8253968253968255,0.0,25,100,0.6309523809523809,0.6348087971775132
Joice Heth,instance of,Person,36,41,0.5989057239057239,0.0,20,22,0.6010101010101009,0.0
